ri,na,mg,al,si,k,ca,ba,fe,class
1.5175,12.82,3.55,1.49,72.75,0.54,8.52,0.0,0.19,-1
1.51911,13.9,3.73,1.18,72.12,0.06,8.89,0.0,0.0,-1
1.51766,13.21,3.69,1.29,72.61,0.57,8.22,0.0,0.0,-1
1.52213,14.21,3.82,0.47,71.77,0.11,9.57,0.0,0.0,-1
1.52172,13.51,3.86,0.88,71.79,0.23,9.54,0.0,0.11,-1
1.52227,14.17,3.81,0.78,71.35,0.0,9.69,0.0,0.0,-1
1.5221,13.73,3.84,0.72,71.76,0.17,9.74,0.0,0.0,-1
1.51764,12.98,3.54,1.21,73.0,0.65,8.53,0.0,0.0,-1
1.519,13.49,3.48,1.35,71.95,0.55,9.0,0.0,0.0,-1
1.51618,13.53,3.55,1.54,72.99,0.39,7.78,0.0,0.0,-1
1.51784,12.68,3.67,1.16,73.11,0.61,8.7,0.0,0.0,-1
1.51769,12.45,2.71,1.29,73.7,0.56,9.06,0.0,0.24,-1
1.52667,13.99,3.7,0.71,71.57,0.02,9.82,0.0,0.1,-1
1.51761,13.89,3.6,1.36,72.73,0.48,7.83,0.0,0.0,-1
1.51748,12.86,3.56,1.27,73.21,0.54,8.38,0.0,0.17,-1
1.51918,14.04,3.58,1.37,72.08,0.56,8.3,0.0,0.0,-1
1.51779,13.21,3.39,1.33,72.76,0.59,8.59,0.0,0.0,-1
1.51909,13.89,3.53,1.32,71.81,0.51,8.78,0.11,0.0,-1
1.51783,12.69,3.54,1.34,72.95,0.57,8.75,0.0,0.0,-1
1.51596,12.79,3.61,1.62,72.97,0.64,8.07,0.0,0.26,-1
1.51905,13.6,3.62,1.11,72.64,0.14,8.76,0.0,0.0,-1
1.51977,13.81,3.58,1.32,71.72,0.12,8.67,0.69,0.0,-1
1.51721,12.87,3.48,1.33,73.04,0.56,8.43,0.0,0.0,-1
1.51966,14.77,3.75,0.29,72.02,0.03,9.0,0.0,0.0,-1
1.51754,13.39,3.66,1.19,72.79,0.57,8.27,0.0,0.11,-1
1.51754,13.48,3.74,1.17,72.99,0.59,8.03,0.0,0.0,-1
1.52099,13.69,3.59,1.12,71.96,0.09,9.4,0.0,0.0,-1
1.51736,12.78,3.62,1.29,72.79,0.59,8.7,0.0,0.0,-1
1.51742,13.27,3.62,1.24,73.08,0.55,8.07,0.0,0.0,-1
1.51778,13.21,2.81,1.29,72.98,0.51,9.02,0.0,0.09,-1
1.51784,13.08,3.49,1.28,72.86,0.6,8.49,0.0,0.0,-1
1.51793,12.79,3.5,1.12,73.03,0.64,8.77,0.0,0.0,-1
1.51768,12.65,3.56,1.3,73.08,0.61,8.69,0.0,0.14,-1
1.51797,12.74,3.48,1.35,72.96,0.64,8.68,0.0,0.0,-1
1.51215,12.99,3.47,1.12,72.98,0.62,8.35,0.0,0.31,-1
1.51926,13.2,3.33,1.28,72.36,0.6,9.14,0.0,0.11,-1
1.51763,12.8,3.66,1.27,73.01,0.6,8.56,0.0,0.0,-1
1.51808,13.43,2.87,1.19,72.84,0.55,9.03,0.0,0.0,-1
1.51631,13.34,3.57,1.57,72.87,0.61,7.89,0.0,0.0,1
1.51673,13.3,3.64,1.53,72.53,0.65,8.03,0.0,0.29,1
1.51652,13.56,3.57,1.47,72.45,0.64,7.96,0.0,0.0,1
1.51629,12.71,3.33,1.49,73.28,0.67,8.24,0.0,0.0,1
1.51667,12.94,3.61,1.26,72.75,0.56,8.6,0.0,0.0,1
1.51818,13.72,0.0,0.56,74.45,0.0,10.99,0.0,0.0,1
1.52068,13.55,2.09,1.67,72.18,0.53,9.57,0.27,0.17,1
1.51848,13.64,3.87,1.27,71.96,0.54,8.32,0.0,0.32,1
1.52222,14.43,0.0,1.0,72.67,0.1,11.52,0.0,0.08,1
1.52777,12.64,0.0,0.67,72.02,0.06,14.4,0.0,0.0,1
1.51743,12.2,3.25,1.16,73.55,0.62,8.9,0.0,0.24,1
1.51625,13.36,3.58,1.49,72.72,0.45,8.21,0.0,0.0,1
1.51594,13.09,3.52,1.55,72.87,0.68,8.05,0.0,0.09,1
1.51593,13.25,3.45,1.43,73.17,0.61,7.86,0.0,0.0,1
1.51663,12.93,3.54,1.62,72.96,0.64,8.03,0.0,0.21,1
1.52081,13.78,2.28,1.43,71.99,0.49,9.85,0.0,0.17,1
1.51605,12.9,3.44,1.45,73.06,0.44,8.27,0.0,0.0,1
1.52475,11.45,0.0,1.88,72.19,0.81,13.24,0.0,0.34,1
1.5166,12.99,3.18,1.23,72.97,0.58,8.81,0.0,0.24,1
1.53393,12.3,0.0,1.0,70.16,0.12,16.19,0.0,0.24,1
1.51409,14.25,3.09,2.08,72.28,1.1,7.08,0.0,0.0,1
1.51708,13.72,3.68,1.81,72.06,0.64,7.88,0.0,0.0,1
1.52725,13.8,3.15,0.66,70.57,0.08,11.64,0.0,0.0,1
1.51811,13.33,3.85,1.25,72.78,0.52,8.12,0.0,0.0,1
1.5164,12.55,3.48,1.87,73.23,0.63,8.08,0.0,0.09,1
1.51588,13.12,3.41,1.58,73.26,0.07,8.39,0.0,0.19,1
1.53125,10.73,0.0,2.1,69.81,0.58,13.3,3.15,0.28,1
1.51806,13.0,3.8,1.08,73.07,0.56,8.38,0.0,0.12,1
1.51674,12.79,3.52,1.54,73.36,0.66,7.9,0.0,0.0,1
1.51592,12.86,3.52,2.12,72.66,0.69,7.97,0.0,0.0,1
1.51707,13.48,3.48,1.71,72.52,0.62,7.99,0.0,0.0,1
1.5202,13.98,1.35,1.63,71.76,0.39,10.56,0.0,0.18,1
1.51569,13.24,3.49,1.47,73.25,0.38,8.03,0.0,0.0,1
1.51841,12.93,3.74,1.11,72.28,0.64,8.96,0.0,0.22,1
1.5182,12.62,2.76,0.83,73.81,0.35,9.42,0.0,0.2,1
1.52739,11.02,0.0,0.75,73.08,0.0,14.96,0.0,0.0,1
1.5169,13.33,3.54,1.61,72.54,0.68,8.11,0.0,0.0,1
1.51618,13.01,3.5,1.48,72.89,0.6,8.12,0.0,0.0,1
1.51687,13.23,3.54,1.48,72.84,0.56,8.1,0.0,0.0,1
1.518,13.71,3.93,1.54,71.81,0.54,8.21,0.0,0.15,1
1.51813,13.43,3.98,1.18,72.49,0.58,8.15,0.0,0.0,1
1.51872,12.93,3.66,1.56,72.51,0.58,8.55,0.0,0.12,1
